frame,time_sec,track_id,class,conf,lane_id,lane_type,bbox_x1,bbox_y1,bbox_x2,bbox_y2,evidence_path
1767381852.3147805,46,8,car,2,VIOLATION
1767381852.3581102,47,8,car,2,VIOLATION
1767381852.4087698,48,8,car,2,VIOLATION
1767381852.4622812,49,8,car,2,VIOLATION
1767381852.520437,50,8,car,2,VIOLATION
1767381852.5688107,51,8,car,2,VIOLATION
1767381852.6122777,52,8,car,2,VIOLATION
1767381852.6625884,53,8,car,2,VIOLATION
1767381852.7084422,54,8,car,2,VIOLATION
1767381852.751857,55,8,car,2,VIOLATION
1767381852.7998776,56,8,car,2,VIOLATION
1767381852.8517458,57,8,car,2,VIOLATION
1767381852.9004726,58,8,car,2,VIOLATION
1767381853.257989,63,8,car,2,VIOLATION
1767381853.3184814,64,8,car,2,VIOLATION
1767381853.3705432,65,8,car,2,VIOLATION
1767381853.416853,66,8,car,2,VIOLATION
1767381853.4634128,67,8,car,2,VIOLATION
1767381853.5178676,68,8,car,2,VIOLATION
1767381853.5807023,69,8,car,2,VIOLATION
1767381853.630376,70,8,car,2,VIOLATION
1767381853.6867824,71,8,car,2,VIOLATION
1767381853.7298207,72,8,car,2,VIOLATION
1767381853.8855164,75,8,car,2,VIOLATION
1767381853.9444458,76,8,car,2,VIOLATION
1767381853.986482,77,8,car,2,VIOLATION
1767381854.0343106,78,8,car,2,VIOLATION
1767381854.079513,79,8,car,2,VIOLATION
1767381854.1284618,80,8,car,2,VIOLATION
1767381854.1746202,81,8,car,2,VIOLATION
1767381854.225728,82,8,car,2,VIOLATION
1767381854.278456,83,8,car,2,VIOLATION
1767381854.334429,84,8,car,2,VIOLATION
1767381854.3984282,85,8,car,2,VIOLATION
1767381854.4446628,86,8,car,2,VIOLATION
1767381854.492193,87,8,car,2,VIOLATION
1767381854.534857,88,8,car,2,VIOLATION
1767381854.5867753,89,8,car,2,VIOLATION
1767381854.7188756,90,19,car,2,VIOLATION
1767381854.7804205,91,19,car,2,VIOLATION
1767381854.782424,91,8,car,2,VIOLATION
1767381854.8243725,92,8,car,2,VIOLATION
1767381854.9007828,93,8,car,2,VIOLATION
1767381854.9643178,94,8,car,2,VIOLATION
1767381855.0143795,95,8,car,2,VIOLATION
1767381855.0628328,96,8,car,2,VIOLATION
1767381855.1166542,97,8,car,2,VIOLATION
1767381855.1745167,98,8,car,2,VIOLATION
1767381855.224791,99,8,car,2,VIOLATION
1767381855.268252,100,8,car,2,VIOLATION
1767381855.319391,101,8,car,2,VIOLATION
1767381855.3648474,102,8,car,2,VIOLATION
1767381855.4166672,103,8,car,2,VIOLATION
1767381855.4632053,104,8,car,2,VIOLATION
1767381855.5125394,105,8,car,2,VIOLATION
1767381855.5643678,106,8,car,2,VIOLATION
1767381855.6302543,107,8,car,2,VIOLATION
1767381855.6956153,108,8,car,2,VIOLATION
1767381855.7543428,109,8,car,2,VIOLATION
1767381855.804672,110,8,car,2,VIOLATION
1767381855.8543243,111,8,car,2,VIOLATION
1767381855.8564448,111,29,car,1,VIOLATION
1767381855.908635,112,8,car,2,VIOLATION
1767381855.9584274,113,8,car,2,VIOLATION
1767381855.9584274,113,29,car,1,VIOLATION
1767381856.031492,114,8,car,2,VIOLATION
1767381856.0863793,115,8,car,2,VIOLATION
1767381856.0863793,115,29,car,1,VIOLATION
1767381856.1397634,116,8,car,2,VIOLATION
1767381856.1908119,117,8,car,2,VIOLATION
1767381856.234366,118,8,car,2,VIOLATION
1767381856.2353964,118,29,car,1,VIOLATION
1767381856.2904208,119,8,car,2,VIOLATION
1767381856.2904208,119,33,car,1,VIOLATION
1767381856.2904208,119,29,car,1,VIOLATION
1767381856.4443493,120,8,car,2,VIOLATION
1767381856.4443493,120,33,car,1,VIOLATION
1767381856.4443493,120,29,car,1,VIOLATION
1767381856.5096676,121,8,car,2,VIOLATION
1767381856.5146785,121,33,car,1,VIOLATION
1767381856.5146785,121,29,car,1,VIOLATION
1767381856.5728815,122,8,car,2,VIOLATION
1767381856.574385,122,33,car,1,VIOLATION
1767381856.574385,122,29,car,1,VIOLATION
1767381856.634372,123,8,car,2,VIOLATION
1767381856.634372,123,33,car,1,VIOLATION
1767381856.634372,123,29,car,1,VIOLATION
1767381856.6968534,124,8,car,2,VIOLATION
1767381856.7463522,125,8,car,2,VIOLATION
1767381856.8037407,126,8,car,2,VIOLATION
1767381856.8037407,126,29,car,1,VIOLATION
1767381856.8528116,127,8,car,2,VIOLATION
1767381856.8543143,127,29,car,1,VIOLATION
1767381856.900514,128,8,car,2,VIOLATION
1767381856.900514,128,29,car,1,VIOLATION
1767381856.9507492,129,8,car,2,VIOLATION
1767381856.9507492,129,29,car,1,VIOLATION
1767381857.0096767,130,8,car,2,VIOLATION
1767381857.0096767,130,29,car,1,VIOLATION
1767381857.0675688,131,8,car,2,VIOLATION
1767381857.1247709,132,8,car,2,VIOLATION
1767381857.1864955,133,8,car,2,VIOLATION
1767381857.2294579,134,8,car,2,VIOLATION
1767381857.278561,135,8,car,2,VIOLATION
1767381857.3244286,136,8,car,2,VIOLATION
1767381857.3745406,137,8,car,2,VIOLATION
1767381857.4305303,138,8,car,2,VIOLATION
1767381857.4784505,139,8,car,2,VIOLATION
1767381857.534613,140,8,car,2,VIOLATION
1767381857.594519,141,8,car,2,VIOLATION
1767381857.6413832,142,8,car,2,VIOLATION
1767381857.6888778,143,8,car,2,VIOLATION
1767381857.7347949,144,8,car,2,VIOLATION
1767381857.7843943,145,8,car,2,VIOLATION
1767381857.830222,146,8,car,2,VIOLATION
1767381857.8795762,147,8,car,2,VIOLATION
1767381857.926517,148,8,car,2,VIOLATION
1767381857.9766772,149,8,car,2,VIOLATION
1767381858.100812,150,8,car,2,VIOLATION
1767381858.1465898,151,8,car,2,VIOLATION
1767381858.1945455,152,8,car,2,VIOLATION
1767381858.2445734,153,8,car,2,VIOLATION
1767381858.288823,154,8,car,2,VIOLATION
1767381858.3344622,155,8,car,2,VIOLATION
1767381858.384455,156,8,car,2,VIOLATION
1767381858.4320278,157,8,car,2,VIOLATION
1767381858.4844904,158,8,car,2,VIOLATION
1767381858.5247364,159,8,car,2,VIOLATION
1767381858.5843353,160,8,car,2,VIOLATION
1767381858.6385257,161,8,car,2,VIOLATION
1767381858.6884918,162,8,car,2,VIOLATION
1767381858.7369158,163,8,car,2,VIOLATION
1767381858.796893,164,8,car,2,VIOLATION
1767381858.844645,165,8,car,2,VIOLATION
1767381858.890476,166,8,car,2,VIOLATION
1767381858.9406784,167,8,car,2,VIOLATION
1767381858.984595,168,8,car,2,VIOLATION
1767381859.0305092,169,8,car,2,VIOLATION
1767381859.0843894,170,8,car,2,VIOLATION
1767381859.1343215,171,8,car,2,VIOLATION
1767381859.1777992,172,8,car,2,VIOLATION
1767381859.2288506,173,8,car,2,VIOLATION
1767381859.275715,174,8,car,2,VIOLATION
1767381859.3304515,175,8,car,2,VIOLATION
1767381859.3935034,176,8,car,2,VIOLATION
1767381859.4584827,177,8,car,2,VIOLATION
1767381859.5016584,178,8,car,2,VIOLATION
1767381859.5507064,179,8,car,2,VIOLATION
1767381859.6847048,180,8,car,2,VIOLATION
1767381859.7298071,181,8,car,2,VIOLATION
1767381859.7744358,182,8,car,2,VIOLATION
1767381859.776458,182,50,car,2,VIOLATION
1767381859.8424876,183,8,car,2,VIOLATION
1767381859.9005582,184,8,car,2,VIOLATION
1767381859.9496784,185,8,car,2,VIOLATION
1767381859.9963584,186,8,car,2,VIOLATION
1767381859.9963584,186,50,car,2,VIOLATION
1767381860.0464747,187,8,car,2,VIOLATION
1767381860.1066735,188,8,car,2,VIOLATION
1767381860.1066735,188,50,car,3,VIOLATION
1767381860.1604054,189,8,car,2,VIOLATION
1767381860.2527049,191,50,car,3,VIOLATION
1767381860.3475242,193,16,car,3,VIOLATION
1767381860.3922815,194,16,car,3,VIOLATION
1767381860.440692,195,16,car,3,VIOLATION
1767381860.4867916,196,16,car,3,VIOLATION
1767381860.5818186,198,59,car,3,VIOLATION
1767381860.6337817,199,16,car,3,VIOLATION
1767381860.6806338,200,59,car,3,VIOLATION
1767381860.8543806,203,59,car,3,VIOLATION
1767381861.103692,208,59,car,3,VIOLATION
1767381861.4736092,213,16,car,3,VIOLATION
1767381861.5208097,214,16,car,3,VIOLATION
1767381861.5649323,215,16,car,3,VIOLATION
1767381861.611649,216,16,car,3,VIOLATION
1767381861.6607141,217,16,car,3,VIOLATION
1767381861.7045968,218,16,car,3,VIOLATION
1767381861.7567127,219,16,car,3,VIOLATION
1767381861.8084185,220,16,car,3,VIOLATION
1767381861.8676229,221,16,car,3,VIOLATION
1767381861.9074085,222,16,car,3,VIOLATION
1767381861.9605036,223,16,car,3,VIOLATION
1767381862.0044694,224,16,car,3,VIOLATION
1767381862.054538,225,16,car,3,VIOLATION
1767381862.0983806,226,16,car,3,VIOLATION
1767381862.1504462,227,16,car,3,VIOLATION
1767381862.200778,228,16,car,3,VIOLATION
1767381862.2443802,229,16,car,3,VIOLATION
1767381862.2942946,230,16,car,3,VIOLATION
1767381862.3386555,231,16,car,3,VIOLATION
1767381862.3884556,232,16,car,3,VIOLATION
1767381862.434665,233,16,car,3,VIOLATION
1767381862.4847045,234,16,car,3,VIOLATION
1767381862.5305283,235,16,car,3,VIOLATION
1767381862.5746677,236,16,car,3,VIOLATION
1767381862.6178472,237,16,car,3,VIOLATION
1767381862.6745133,238,16,car,3,VIOLATION
1767381862.7186646,239,16,car,3,VIOLATION
1767381862.849418,240,16,car,3,VIOLATION
1767381862.9127622,241,16,car,3,VIOLATION
1767381862.9544947,242,16,car,3,VIOLATION
1767381863.0106533,243,16,car,3,VIOLATION
1767381863.0543134,244,16,car,3,VIOLATION
1767381863.0964189,245,16,car,3,VIOLATION
1767381863.144797,246,16,car,3,VIOLATION
1767381863.1932912,247,16,car,3,VIOLATION
1767381863.239675,248,16,car,3,VIOLATION
1767381863.286398,249,16,car,3,VIOLATION
1767381863.3392909,250,16,car,3,VIOLATION
1767381863.3888319,251,16,car,3,VIOLATION
1767381863.4367027,252,16,car,3,VIOLATION
1767381863.4826188,253,16,car,3,VIOLATION
1767381863.5464094,254,16,car,3,VIOLATION
1767381863.5945652,255,16,car,3,VIOLATION
1767381863.6565876,256,16,car,3,VIOLATION
1767381863.7004244,257,16,car,3,VIOLATION
1767381863.7503836,258,16,car,3,VIOLATION
1767381863.7967837,259,16,car,3,VIOLATION
1767381863.8464458,260,16,car,3,VIOLATION
1767381863.8922896,261,16,car,3,VIOLATION
1767381863.9405122,262,16,car,3,VIOLATION
1767381863.9895823,263,16,car,3,VIOLATION
1767381864.054475,264,16,car,3,VIOLATION
1767381864.1137476,265,16,car,3,VIOLATION
1767381864.1687975,266,16,car,3,VIOLATION
1767381864.2194254,267,16,car,3,VIOLATION
1767381864.274445,268,16,car,3,VIOLATION
1767381864.3265173,269,16,car,3,VIOLATION
1767381864.460225,270,16,car,3,VIOLATION
1767381864.5095768,271,16,car,3,VIOLATION
1767381864.5666492,272,16,car,3,VIOLATION
1767381864.6196163,273,16,car,3,VIOLATION
1767381864.674498,274,16,car,3,VIOLATION
1767381864.73363,275,16,car,3,VIOLATION
1767381864.7828,276,16,car,3,VIOLATION
1767381864.8256204,277,16,car,3,VIOLATION
1767381864.8738072,278,16,car,3,VIOLATION
1767381864.918559,279,16,car,3,VIOLATION
1767381864.9698558,280,16,car,3,VIOLATION
1767381865.0701199,282,82,bus,3,VIOLATION
1767381865.11855,283,82,bus,3,VIOLATION
1767381865.1643083,284,82,bus,3,VIOLATION
1767381865.2705142,286,82,bus,3,VIOLATION
1767381865.4744346,290,82,bus,3,VIOLATION
1767381865.5225978,291,82,bus,3,VIOLATION
1767381865.5725203,292,82,bus,3,VIOLATION
1767381865.6183438,293,82,car,3,VIOLATION
1767381865.7228026,295,82,bus,3,VIOLATION
1767381865.7843044,296,82,bus,3,VIOLATION
1767381865.8443425,297,82,bus,3,VIOLATION
1767381865.8928246,298,82,bus,3,VIOLATION
1767381865.9386184,299,82,bus,3,VIOLATION
1767381866.074692,300,82,bus,3,VIOLATION
1767381866.1245227,301,82,bus,3,VIOLATION
1767381866.1245227,301,91,car,3,VIOLATION
1767381866.1768334,302,82,bus,3,VIOLATION
1767381866.1768334,302,91,car,3,VIOLATION
1767381866.236518,303,82,bus,3,VIOLATION
1767381866.2385254,303,91,car,3,VIOLATION
1767381866.2866096,304,82,car,3,VIOLATION
1767381866.2866096,304,91,bus,3,VIOLATION
1767381866.3343163,305,82,car,3,VIOLATION
1767381866.3343163,305,91,bus,3,VIOLATION
1767381866.3885858,306,82,car,3,VIOLATION
1767381866.3885858,306,91,bus,3,VIOLATION
1767381866.4423099,307,82,car,3,VIOLATION
1767381866.4423099,307,91,bus,3,VIOLATION
1767381866.494687,308,82,bus,3,VIOLATION
1767381866.5445676,309,82,bus,3,VIOLATION
1767381866.5986044,310,82,bus,3,VIOLATION
1767381866.6483305,311,82,bus,3,VIOLATION
1767381866.700672,312,82,bus,3,VIOLATION
1767381866.914323,316,82,car,3,VIOLATION
1767381866.964349,317,96,car,3,VIOLATION
1767381866.964349,317,82,car,3,VIOLATION
1767381867.0184493,318,96,car,3,VIOLATION
1767381867.0184493,318,82,car,3,VIOLATION
1767381867.076848,319,96,car,3,VIOLATION
1767381867.076848,319,82,car,3,VIOLATION
1767381867.1257477,320,96,car,3,VIOLATION
1767381867.1257477,320,82,car,3,VIOLATION
1767381867.1755435,321,96,car,3,VIOLATION
1767381867.1755435,321,82,car,3,VIOLATION
1767381867.22646,322,96,car,3,VIOLATION
1767381867.22646,322,82,car,3,VIOLATION
1767381867.2827125,323,82,car,3,VIOLATION
1767381867.3342826,324,96,car,3,VIOLATION
1767381867.486486,327,82,bus,3,VIOLATION
1767381867.5344367,328,100,bus,3,VIOLATION
1767381867.5365205,328,82,bus,3,VIOLATION
1767381867.5967867,329,100,bus,3,VIOLATION
1767381867.7502306,330,100,bus,3,VIOLATION
1767381867.8023949,331,100,bus,3,VIOLATION
1767381867.8023949,331,82,bus,3,VIOLATION
1767381867.8493767,332,100,bus,3,VIOLATION
1767381867.9017217,333,100,bus,3,VIOLATION
1767381867.9518118,334,100,bus,3,VIOLATION
1767381868.010674,335,100,bus,3,VIOLATION
1767381868.0626519,336,100,bus,3,VIOLATION
1767381868.1197586,337,100,bus,3,VIOLATION
1767381868.1718032,338,100,bus,3,VIOLATION
1767381868.225631,339,100,bus,3,VIOLATION
1767381868.2744465,340,100,bus,3,VIOLATION
1767381868.3287709,341,100,bus,3,VIOLATION
1767381868.3766024,342,100,bus,3,VIOLATION
1767381868.4395742,343,100,bus,3,VIOLATION
1767381868.489537,344,100,bus,3,VIOLATION
1767381868.534387,345,100,bus,3,VIOLATION
1767381868.5996459,346,100,bus,3,VIOLATION
1767381868.6484206,347,100,bus,3,VIOLATION
1767381868.7065558,348,100,bus,3,VIOLATION
1767381868.7474391,349,100,bus,3,VIOLATION
1767381868.814613,350,100,bus,3,VIOLATION
1767381868.8685253,351,100,bus,3,VIOLATION
1767381868.9345505,352,100,bus,3,VIOLATION
1767381868.99471,353,100,bus,3,VIOLATION
1767381869.058524,354,100,bus,3,VIOLATION
1767381869.1043758,355,100,bus,3,VIOLATION
1767381869.199492,357,100,bus,3,VIOLATION
1767381869.2607257,358,100,bus,3,VIOLATION
1767381869.4797204,361,100,bus,3,VIOLATION
1767381869.5247035,362,100,bus,3,VIOLATION
1767381869.5748606,363,100,bus,3,VIOLATION
1767381869.6165555,364,100,bus,3,VIOLATION
1767381869.6768813,365,100,bus,3,VIOLATION
1767381869.7268045,366,100,bus,3,VIOLATION
1767381869.7776613,367,100,bus,3,VIOLATION
1767381869.840422,368,100,bus,3,VIOLATION
1767381869.8842614,369,100,bus,3,VIOLATION
1767381869.9319649,370,100,bus,3,VIOLATION
1767381869.9786572,371,100,bus,3,VIOLATION
1767381870.0245574,372,100,bus,3,VIOLATION
1767381870.0767643,373,100,bus,3,VIOLATION
1767381870.14431,374,100,bus,3,VIOLATION
1767381870.2024608,375,100,bus,3,VIOLATION
1767381870.248759,376,100,bus,3,VIOLATION
1767381870.2923813,377,100,bus,3,VIOLATION
1767381870.3444955,378,100,bus,3,VIOLATION
1767381870.389425,379,100,bus,3,VIOLATION
1767381870.5344524,382,100,bus,3,VIOLATION
1767381870.5815122,383,100,bus,3,VIOLATION
1767381870.6296709,384,100,bus,3,VIOLATION
1767381870.7294173,386,100,bus,3,VIOLATION
1767381870.7847376,387,100,bus,3,VIOLATION
1767381870.8404894,388,100,bus,3,VIOLATION
1767381870.9076314,389,100,bus,3,VIOLATION
1767381871.04649,390,100,bus,3,VIOLATION
1767381871.0864077,391,100,bus,3,VIOLATION
1767381871.1384773,392,100,bus,3,VIOLATION
1767381871.1846578,393,100,bus,3,VIOLATION
1767381871.2277288,394,100,bus,3,VIOLATION
1767381871.274627,395,100,bus,3,VIOLATION
1767381871.3297095,396,100,bus,3,VIOLATION
1767381871.39271,397,100,bus,3,VIOLATION
1767381871.4483151,398,100,bus,3,VIOLATION
1767381871.5027452,399,100,bus,3,VIOLATION
1767381871.5505438,400,100,bus,3,VIOLATION
1767381871.5964475,401,100,bus,3,VIOLATION
1767381871.6444848,402,100,bus,3,VIOLATION
1767381871.7026742,403,100,bus,3,VIOLATION
1767381871.756458,404,100,bus,3,VIOLATION
1767381871.824276,405,100,bus,3,VIOLATION
1767381871.8707755,406,100,bus,3,VIOLATION
1767381871.932303,407,100,bus,3,VIOLATION
1767381871.990751,408,100,bus,3,VIOLATION
1767381872.041745,409,100,bus,3,VIOLATION
1767381872.1083782,410,100,bus,3,VIOLATION
1767381872.164631,411,100,bus,3,VIOLATION
1767381872.2305999,412,100,bus,3,VIOLATION
1767381872.2916021,413,100,bus,3,VIOLATION
1767381872.3443913,414,100,bus,3,VIOLATION
1767381872.4006605,415,100,bus,3,VIOLATION
1767381872.4503212,416,100,bus,3,VIOLATION
1767381872.4994488,417,100,bus,3,VIOLATION
1767381872.5664454,418,100,bus,3,VIOLATION
1767381872.6285212,419,100,bus,3,VIOLATION
1767381872.7967436,420,100,car,3,VIOLATION
1767381872.964409,423,100,bus,3,VIOLATION
1767381873.008394,424,100,bus,3,VIOLATION
1767381873.0566928,425,100,bus,3,VIOLATION
1767381873.1087549,426,100,bus,3,VIOLATION
1767381873.1519332,427,100,bus,3,VIOLATION
1767381873.2116127,428,100,bus,3,VIOLATION
1767381873.266581,429,100,bus,3,VIOLATION
1767381873.2685843,429,133,car,3,VIOLATION
1767381873.3270996,430,100,bus,3,VIOLATION
1767381873.3291028,430,133,car,3,VIOLATION
1767381873.3790114,431,133,car,3,VIOLATION
1767381873.440448,432,133,car,3,VIOLATION
1767381873.4424512,432,100,bus,3,VIOLATION
1767381873.4903607,433,133,car,3,VIOLATION
1767381873.5420997,434,133,car,3,VIOLATION
1767381873.5420997,434,100,truck,3,VIOLATION
1767381873.5901184,435,133,car,3,VIOLATION
1767381873.5901184,435,100,truck,3,VIOLATION
1767381873.638479,436,133,car,3,VIOLATION
1767381873.684639,437,133,car,3,VIOLATION
1767381873.7342784,438,133,car,3,VIOLATION
1767381873.7342784,438,100,bus,3,VIOLATION
1767381873.7802544,439,133,car,3,VIOLATION
1767381873.7822626,439,100,bus,3,VIOLATION
1767381873.8344586,440,133,car,3,VIOLATION
1767381873.8892953,441,133,car,3,VIOLATION
1767381873.9388008,442,133,car,3,VIOLATION
1767381873.9897761,443,133,car,3,VIOLATION
1767381874.0446477,444,133,car,3,VIOLATION
1767381874.0963683,445,133,car,3,VIOLATION
1767381874.1596432,446,133,car,3,VIOLATION
1767381874.2145686,447,133,car,3,VIOLATION
1767381874.2644875,448,133,car,3,VIOLATION
1767381874.328932,449,133,car,3,VIOLATION
1767381874.474257,450,133,car,3,VIOLATION
1767381874.5246065,451,133,car,3,VIOLATION
1767381874.588445,452,133,car,3,VIOLATION
1767381874.634717,453,133,car,3,VIOLATION
1767381874.6812425,454,133,car,3,VIOLATION
1767381874.7306533,455,133,car,3,VIOLATION
1767381874.779151,456,133,car,3,VIOLATION
1767381874.8246758,457,133,car,3,VIOLATION
1767381874.873732,458,133,car,3,VIOLATION
1767381874.9208026,459,133,car,3,VIOLATION
1767381874.9774075,460,133,car,3,VIOLATION
1767381875.0370283,461,133,car,3,VIOLATION
1767381875.0794237,462,133,car,3,VIOLATION
1767381875.1364937,463,133,car,3,VIOLATION
1767381875.1926749,464,133,car,3,VIOLATION
1767381875.2591493,465,133,car,3,VIOLATION
1767381875.3090975,466,133,car,3,VIOLATION
1767381875.3542535,467,133,car,3,VIOLATION
1767381875.4146113,468,133,car,3,VIOLATION
1767381875.4646337,469,133,car,3,VIOLATION
1767381875.516542,470,133,car,3,VIOLATION
1767381875.5764995,471,133,car,3,VIOLATION
1767381875.6276257,472,133,car,3,VIOLATION
1767381875.6746316,473,133,car,3,VIOLATION
1767381875.7256522,474,133,car,3,VIOLATION
1767381875.770661,475,133,car,3,VIOLATION
1767381875.8281364,476,133,car,3,VIOLATION
1767381875.8789997,477,133,car,3,VIOLATION
1767381875.9274242,478,133,car,3,VIOLATION
1767381875.9745233,479,133,car,3,VIOLATION
1767381876.104262,480,133,car,3,VIOLATION
1767381876.152389,481,133,car,3,VIOLATION
1767381876.2176652,482,133,car,3,VIOLATION
1767381876.2747073,483,133,car,3,VIOLATION
1767381876.3216283,484,133,car,3,VIOLATION
1767381876.3705406,485,133,car,3,VIOLATION
1767381876.3725455,485,155,truck,3,VIOLATION
1767381876.4799147,487,133,car,3,VIOLATION
1767381876.530459,488,133,car,3,VIOLATION
1767381876.5746465,489,133,car,3,VIOLATION
1767381876.6266007,490,133,car,3,VIOLATION
1767381876.690503,491,133,car,3,VIOLATION
1767381876.7345667,492,133,car,3,VIOLATION
1767381876.788815,493,133,car,3,VIOLATION
1767381876.840264,494,133,car,3,VIOLATION
1767381876.8943532,495,133,car,3,VIOLATION
1767381876.938723,496,133,car,3,VIOLATION
1767381876.990657,497,133,car,3,VIOLATION
1767381877.050438,498,133,car,3,VIOLATION
1767381877.102644,499,133,car,3,VIOLATION
1767381877.1466608,500,133,car,3,VIOLATION
1767381877.194696,501,133,car,3,VIOLATION
1767381877.2497692,502,133,car,3,VIOLATION
1767381877.3044624,503,133,car,3,VIOLATION
1767381877.3545213,504,133,car,3,VIOLATION
1767381877.4264076,505,133,car,3,VIOLATION
1767381877.4807632,506,133,car,3,VIOLATION
1767381877.5264704,507,133,car,3,VIOLATION
1767381877.5727005,508,133,car,3,VIOLATION
1767381877.6245334,509,133,car,3,VIOLATION
1767381877.758403,510,133,car,3,VIOLATION
1767381877.800367,511,133,car,3,VIOLATION
1767381877.8495502,512,133,car,3,VIOLATION
1767381877.8994682,513,133,car,3,VIOLATION
1767381877.9505966,514,133,car,3,VIOLATION
1767381878.0242662,515,133,car,3,VIOLATION
1767381878.0678494,516,133,car,3,VIOLATION
1767381878.11654,517,133,car,3,VIOLATION
1767381878.1620533,518,133,car,3,VIOLATION
1767381878.2163858,519,133,car,3,VIOLATION
1767381878.2643392,520,133,car,3,VIOLATION
1767381878.3221285,521,133,car,3,VIOLATION
1767381878.3707433,522,133,car,3,VIOLATION
1767381878.4163017,523,133,car,3,VIOLATION
1767381878.4695694,524,133,car,3,VIOLATION
1767381878.5326788,525,133,car,3,VIOLATION
1767381878.594625,526,133,car,3,VIOLATION
1767381878.5967262,526,173,car,3,VIOLATION
1767381878.63933,527,133,car,3,VIOLATION
1767381878.7042286,528,133,car,3,VIOLATION
1767381878.7625802,529,133,car,3,VIOLATION
1767381878.81065,530,133,car,3,VIOLATION
1767381878.862396,531,133,car,3,VIOLATION
1767381878.9143803,532,133,car,3,VIOLATION
1767381878.9671583,533,133,car,3,VIOLATION
1767381879.0244532,534,133,car,3,VIOLATION
1767381879.0725424,535,133,car,3,VIOLATION
1767381879.1414962,536,133,car,3,VIOLATION
1767381879.1845577,537,133,car,3,VIOLATION
1767381879.2323754,538,133,car,3,VIOLATION
1767381879.2784657,539,133,car,3,VIOLATION
1767381879.4346144,540,133,car,3,VIOLATION
1767381879.4346144,540,173,car,3,VIOLATION
1767381879.478511,541,173,car,3,VIOLATION
1767381879.480514,541,163,car,3,VIOLATION
1767381879.5867627,543,163,car,3,VIOLATION
1767381879.6394415,544,163,car,3,VIOLATION
1767381879.6394415,544,173,car,3,VIOLATION
1767381879.694845,545,163,car,3,VIOLATION
1767381879.694845,545,173,car,3,VIOLATION
1767381879.744589,546,163,car,3,VIOLATION
1767381879.744589,546,173,car,3,VIOLATION
1767381879.8044312,547,163,car,3,VIOLATION
1767381879.8044312,547,173,car,3,VIOLATION
1767381879.8545763,548,163,car,3,VIOLATION
1767381879.8545763,548,173,car,3,VIOLATION
1767381879.9045203,549,163,car,3,VIOLATION
1767381879.9045203,549,173,car,3,VIOLATION
1767381879.9555428,550,163,car,3,VIOLATION
1767381879.9555428,550,173,car,3,VIOLATION
1767381879.9596817,550,180,car,2,VIOLATION
1767381880.0108275,551,163,car,3,VIOLATION
1767381880.0108275,551,173,car,3,VIOLATION
1767381880.0644414,552,163,car,3,VIOLATION
1767381880.0644414,552,173,car,3,VIOLATION
1767381880.110354,553,163,car,3,VIOLATION
1767381880.1707237,554,163,car,3,VIOLATION
1767381880.2195852,555,163,car,3,VIOLATION
1767381880.4583552,560,173,car,3,VIOLATION
1767381880.5022242,561,173,car,3,VIOLATION
1767381880.5616,562,173,car,3,VIOLATION
1767381880.6104414,563,173,car,3,VIOLATION
1767381880.7043386,565,173,car,3,VIOLATION
1767381880.8014166,567,173,car,3,VIOLATION
1767381880.8603387,568,173,car,3,VIOLATION
1767381880.9104452,569,173,car,3,VIOLATION
1767381881.1145346,571,163,car,3,VIOLATION
1767381881.1156065,571,173,car,3,VIOLATION
1767381881.172317,572,163,car,3,VIOLATION
1767381881.172317,572,173,car,3,VIOLATION
1767381881.236356,573,163,car,3,VIOLATION
1767381881.2984245,574,163,car,3,VIOLATION
1767381881.2984245,574,173,car,3,VIOLATION
1767381881.3543236,575,163,car,3,VIOLATION
1767381881.3543236,575,173,car,3,VIOLATION
1767381881.406421,576,163,car,3,VIOLATION
1767381881.406421,576,173,car,3,VIOLATION
1767381881.4607155,577,173,car,3,VIOLATION
1767381881.5204365,578,173,car,3,VIOLATION
1767381881.5623333,579,173,car,3,VIOLATION
1767381881.5623333,579,163,car,3,VIOLATION
1767381881.6101685,580,173,car,3,VIOLATION
1767381881.6101685,580,163,car,3,VIOLATION
1767381881.6694481,581,173,car,3,VIOLATION
1767381881.6694481,581,163,car,3,VIOLATION
1767381881.7242584,582,173,car,3,VIOLATION
1767381881.7707336,583,173,car,3,VIOLATION
1767381881.82439,584,173,car,3,VIOLATION
1767381881.936727,586,173,car,3,VIOLATION
1767381881.9783564,587,173,car,3,VIOLATION
1767381882.0910468,589,173,car,3,VIOLATION
1767381882.1387024,590,173,car,3,VIOLATION
1767381882.2507162,592,173,car,3,VIOLATION
1767381882.3156626,593,173,car,3,VIOLATION
1767381882.372614,594,173,car,3,VIOLATION
1767381882.372614,594,163,car,3,VIOLATION
1767381882.4223406,595,173,car,3,VIOLATION
1767381882.4223406,595,163,car,3,VIOLATION
1767381882.4643934,596,173,car,3,VIOLATION
1767381882.5111227,597,173,car,3,VIOLATION
1767381882.5603578,598,173,car,3,VIOLATION
1767381882.604228,599,173,car,3,VIOLATION
1767381882.7444677,600,189,car,2,VIOLATION
1767381882.7444677,600,173,car,3,VIOLATION
1767381882.7915673,601,189,car,2,VIOLATION
1767381882.7915673,601,173,car,3,VIOLATION
1767381882.8465774,602,189,car,2,VIOLATION
1767381882.8465774,602,173,car,3,VIOLATION
1767381882.8907773,603,173,car,3,VIOLATION
1767381882.9384582,604,173,car,3,VIOLATION
1767381882.9384582,604,199,car,3,VIOLATION
1767381882.9976852,605,173,car,3,VIOLATION
1767381882.9976852,605,199,car,3,VIOLATION
1767381883.0625174,606,173,car,3,VIOLATION
1767381883.0625174,606,199,car,3,VIOLATION
1767381883.1083326,607,173,car,3,VIOLATION
1767381883.166523,608,173,car,3,VIOLATION
1767381883.2067802,609,173,car,3,VIOLATION
1767381883.2644615,610,173,car,3,VIOLATION
1767381883.309246,611,173,car,3,VIOLATION
1767381883.3717637,612,173,car,3,VIOLATION
1767381883.4245837,613,173,car,3,VIOLATION
1767381883.4744968,614,173,car,3,VIOLATION
1767381883.5346694,615,173,car,3,VIOLATION
1767381883.594633,616,173,car,3,VIOLATION
1767381883.6420228,617,173,car,3,VIOLATION
1767381883.6886766,618,173,car,3,VIOLATION
1767381883.7363608,619,173,car,3,VIOLATION
1767381883.784365,620,173,car,3,VIOLATION
1767381883.784365,620,199,car,3,VIOLATION
1767381883.8301342,621,173,car,3,VIOLATION
1767381883.8869064,622,173,car,3,VIOLATION
1767381883.8869064,622,199,car,3,VIOLATION
1767381883.9466429,623,173,car,3,VIOLATION
1767381883.9466429,623,199,car,3,VIOLATION
1767381883.9944396,624,173,car,3,VIOLATION
1767381883.9944396,624,199,car,3,VIOLATION
1767381884.0596383,625,173,car,3,VIOLATION
1767381884.0596383,625,199,car,3,VIOLATION
1767381884.1144147,626,173,car,3,VIOLATION
1767381884.1144147,626,199,car,3,VIOLATION
1767381884.1665797,627,173,car,3,VIOLATION
1767381884.1665797,627,199,car,3,VIOLATION
1767381884.1665797,627,205,motorcycle,4,VIOLATION
1767381884.2242522,628,173,car,3,VIOLATION
1767381884.2242522,628,199,car,3,VIOLATION
1767381884.2763853,629,173,car,3,VIOLATION
1767381884.2763853,629,199,car,3,VIOLATION
1767381884.4126523,630,173,car,3,VIOLATION
1767381884.4126523,630,199,car,3,VIOLATION
1767381884.4645483,631,173,car,3,VIOLATION
1767381884.4645483,631,199,car,3,VIOLATION
1767381884.5177002,632,173,car,3,VIOLATION
1767381884.5177002,632,199,car,3,VIOLATION
1767381884.5641925,633,173,car,3,VIOLATION
1767381884.5641925,633,199,car,3,VIOLATION
1767381884.6104193,634,173,car,3,VIOLATION
1767381884.6104193,634,199,car,3,VIOLATION
1767381884.6542518,635,173,car,3,VIOLATION
1767381884.6542518,635,199,car,3,VIOLATION
1767381884.7069027,636,173,car,3,VIOLATION
1767381884.7089653,636,199,car,3,VIOLATION
1767381884.7602248,637,173,car,3,VIOLATION
1767381884.7602248,637,199,car,3,VIOLATION
1767381884.8046646,638,173,car,3,VIOLATION
1767381884.8064091,638,199,car,3,VIOLATION
1767381884.858606,639,173,car,3,VIOLATION
1767381884.8606095,639,199,car,3,VIOLATION
1767381884.9127877,640,173,car,3,VIOLATION
1767381884.9127877,640,199,car,3,VIOLATION
1767381884.970062,641,173,car,3,VIOLATION
1767381884.970062,641,199,car,3,VIOLATION
1767381885.02445,642,173,car,3,VIOLATION
1767381885.02445,642,199,car,3,VIOLATION
1767381885.0742857,643,173,car,3,VIOLATION
1767381885.0742857,643,199,car,3,VIOLATION
1767381885.1444473,644,173,car,3,VIOLATION
1767381885.1444473,644,199,car,3,VIOLATION
1767381885.199443,645,173,car,3,VIOLATION
1767381885.199443,645,199,car,3,VIOLATION
1767381885.2846057,646,173,car,3,VIOLATION
1767381885.286634,646,199,car,3,VIOLATION
1767381885.3407302,647,173,car,3,VIOLATION
1767381885.3407302,647,199,car,3,VIOLATION
1767381885.392405,648,173,car,3,VIOLATION
1767381885.392405,648,199,car,3,VIOLATION
1767381885.444437,649,173,car,3,VIOLATION
1767381885.444437,649,199,car,3,VIOLATION
1767381885.4964716,650,173,car,3,VIOLATION
1767381885.4964716,650,199,car,3,VIOLATION
1767381885.4964716,650,212,car,2,VIOLATION
1767381885.5483532,651,173,car,3,VIOLATION
1767381885.5503561,651,199,car,3,VIOLATION
1767381885.5503561,651,212,car,2,VIOLATION
1767381885.6141896,652,173,car,3,VIOLATION
1767381885.6141896,652,199,car,3,VIOLATION
1767381885.6141896,652,212,car,2,VIOLATION
1767381885.6595058,653,173,car,3,VIOLATION
1767381885.6595058,653,199,car,3,VIOLATION
1767381885.6595058,653,212,car,2,VIOLATION
1767381885.702326,654,173,car,3,VIOLATION
1767381885.70433,654,199,car,3,VIOLATION
1767381885.70433,654,212,car,2,VIOLATION
1767381885.7483397,655,173,car,3,VIOLATION
1767381885.7483397,655,199,car,3,VIOLATION
1767381885.7483397,655,212,car,2,VIOLATION
1767381885.7928574,656,173,car,3,VIOLATION
1767381885.7928574,656,199,car,3,VIOLATION
1767381885.7928574,656,212,car,2,VIOLATION
1767381885.8388124,657,173,car,3,VIOLATION
1767381885.840824,657,199,car,3,VIOLATION
1767381885.840824,657,212,car,2,VIOLATION
1767381885.8841934,658,173,car,3,VIOLATION
1767381885.8841934,658,199,car,3,VIOLATION
1767381885.886313,658,212,car,2,VIOLATION
1767381885.9444544,659,199,car,3,VIOLATION
1767381886.0816805,660,199,car,3,VIOLATION
1767381886.0816805,660,212,car,2,VIOLATION
1767381886.1263642,661,199,car,3,VIOLATION
1767381886.1283681,661,212,car,2,VIOLATION
1767381886.182158,662,199,car,3,VIOLATION
1767381886.182158,662,212,car,2,VIOLATION
1767381886.238587,663,199,car,3,VIOLATION
1767381886.238587,663,212,car,2,VIOLATION
1767381886.2884796,664,199,car,3,VIOLATION
1767381886.2884796,664,212,car,2,VIOLATION
1767381886.3495653,665,199,car,3,VIOLATION
1767381886.3495653,665,212,car,2,VIOLATION
1767381886.4045615,666,199,car,3,VIOLATION
1767381886.4066875,666,212,car,2,VIOLATION
1767381886.4499028,667,199,car,3,VIOLATION
1767381886.4499028,667,212,car,2,VIOLATION
1767381886.5056593,668,199,car,3,VIOLATION
1767381886.5056593,668,212,car,2,VIOLATION
1767381886.5526955,669,199,car,3,VIOLATION
1767381886.5526955,669,212,car,2,VIOLATION
1767381886.6114147,670,199,car,3,VIOLATION
1767381886.6114147,670,212,car,2,VIOLATION
1767381886.658589,671,199,car,3,VIOLATION
1767381886.658589,671,212,car,2,VIOLATION
1767381886.7106593,672,199,car,3,VIOLATION
1767381886.7106593,672,212,car,2,VIOLATION
1767381886.7546227,673,199,car,3,VIOLATION
1767381886.7546227,673,212,car,2,VIOLATION
1767381886.8036175,674,199,car,3,VIOLATION
1767381886.8046203,674,212,car,2,VIOLATION
1767381886.8563864,675,199,car,3,VIOLATION
1767381886.8563864,675,212,car,2,VIOLATION
1767381886.9026058,676,199,car,3,VIOLATION
1767381886.9046092,676,212,car,2,VIOLATION
1767381886.9645195,677,199,car,3,VIOLATION
1767381886.9645195,677,212,car,2,VIOLATION
1767381887.0095744,678,199,car,3,VIOLATION
1767381887.0095744,678,212,car,2,VIOLATION
1767381887.07259,679,199,car,3,VIOLATION
1767381887.0745938,679,212,car,2,VIOLATION
1767381887.126316,680,199,car,3,VIOLATION
1767381887.126316,680,212,car,2,VIOLATION
1767381887.1722915,681,199,car,3,VIOLATION
1767381887.1722915,681,212,car,2,VIOLATION
1767381887.2204068,682,199,car,3,VIOLATION
1767381887.2204068,682,212,car,2,VIOLATION
1767381887.2873669,683,199,car,3,VIOLATION
1767381887.2895236,683,212,car,2,VIOLATION
1767381887.3464801,684,199,car,3,VIOLATION
1767381887.3464801,684,212,car,2,VIOLATION
1767381887.3943026,685,199,car,3,VIOLATION
1767381887.3964598,685,212,car,2,VIOLATION
1767381887.4501429,686,199,car,3,VIOLATION
1767381887.4521465,686,212,car,2,VIOLATION
1767381887.5096745,687,199,car,3,VIOLATION
1767381887.5096745,687,212,car,2,VIOLATION
1767381887.5545845,688,199,car,3,VIOLATION
1767381887.5545845,688,212,car,2,VIOLATION
1767381887.5942175,689,199,car,3,VIOLATION
1767381887.5942175,689,212,car,2,VIOLATION
1767381887.7245722,690,199,car,3,VIOLATION
1767381887.7245722,690,212,car,2,VIOLATION
1767381887.787664,691,199,car,3,VIOLATION
1767381887.787664,691,212,car,2,VIOLATION
1767381887.848446,692,199,car,3,VIOLATION
1767381887.850453,692,212,car,2,VIOLATION
1767381887.900653,693,199,car,3,VIOLATION
1767381887.9026566,693,212,car,2,VIOLATION
1767381887.9466708,694,199,car,3,VIOLATION
1767381887.9466708,694,212,car,2,VIOLATION
1767381887.994665,695,199,car,3,VIOLATION
1767381887.994665,695,212,car,2,VIOLATION
1767381888.038394,696,199,car,3,VIOLATION
1767381888.038394,696,212,car,2,VIOLATION
1767381888.0923011,697,199,car,3,VIOLATION
1767381888.0923011,697,212,car,2,VIOLATION
1767381888.140429,698,199,car,3,VIOLATION
1767381888.140429,698,212,car,2,VIOLATION
1767381888.2026978,699,199,car,3,VIOLATION
1767381888.2026978,699,212,car,2,VIOLATION
1767381888.2575622,700,199,car,3,VIOLATION
1767381888.2595704,700,212,car,2,VIOLATION
1767381888.3127713,701,199,car,3,VIOLATION
1767381888.3127713,701,212,car,2,VIOLATION
1767381888.3663664,702,199,car,3,VIOLATION
1767381888.3674963,702,212,car,2,VIOLATION
1767381888.4197366,703,199,car,3,VIOLATION
1767381888.4197366,703,212,car,2,VIOLATION
1767381888.471795,704,199,car,3,VIOLATION
1767381888.471795,704,212,car,2,VIOLATION
1767381888.5242336,705,199,car,3,VIOLATION
1767381888.5242336,705,212,car,2,VIOLATION
1767381888.574198,706,199,car,3,VIOLATION
1767381888.5763812,706,212,car,2,VIOLATION
1767381888.6287408,707,199,car,3,VIOLATION
1767381888.6287408,707,212,car,2,VIOLATION
1767381888.672721,708,199,car,3,VIOLATION
1767381888.674224,708,212,car,2,VIOLATION
1767381888.7404883,709,199,car,3,VIOLATION
1767381888.7404883,709,212,car,2,VIOLATION
1767381888.7404883,709,216,car,3,VIOLATION
1767381888.814469,710,199,car,3,VIOLATION
1767381888.814469,710,212,car,2,VIOLATION
1767381888.814469,710,216,car,3,VIOLATION
1767381888.8715382,711,199,car,3,VIOLATION
1767381888.8715382,711,212,car,2,VIOLATION
1767381888.8715382,711,216,car,3,VIOLATION
1767381888.9244277,712,199,car,3,VIOLATION
1767381888.9244277,712,212,car,2,VIOLATION
1767381888.9244277,712,216,car,3,VIOLATION
1767381888.972304,713,199,car,3,VIOLATION
1767381888.972304,713,212,car,2,VIOLATION
1767381888.972304,713,216,car,3,VIOLATION
1767381888.972304,713,232,car,2,VIOLATION
1767381889.0242398,714,199,car,3,VIOLATION
1767381889.0242398,714,212,car,2,VIOLATION
1767381889.0242398,714,216,car,3,VIOLATION
1767381889.0820603,715,199,car,3,VIOLATION
1767381889.0820603,715,212,car,2,VIOLATION
1767381889.0820603,715,216,car,3,VIOLATION
1767381889.141894,716,199,car,3,VIOLATION
1767381889.1446614,716,212,car,2,VIOLATION
1767381889.1446614,716,216,car,3,VIOLATION
1767381889.2045658,717,212,car,2,VIOLATION
1767381889.2045658,717,216,car,3,VIOLATION
1767381889.264345,718,212,car,2,VIOLATION
1767381889.264345,718,216,car,3,VIOLATION
1767381889.322258,719,212,car,2,VIOLATION
1767381889.3242612,719,216,car,3,VIOLATION
1767381889.45051,720,212,car,2,VIOLATION
1767381889.4525132,720,216,car,3,VIOLATION
1767381889.5144563,721,212,car,2,VIOLATION
1767381889.5144563,721,216,car,3,VIOLATION
1767381889.5942254,722,212,car,2,VIOLATION
1767381889.5942254,722,216,car,3,VIOLATION
1767381889.6498873,723,212,car,2,VIOLATION
1767381889.6498873,723,216,car,3,VIOLATION
1767381889.7094464,724,212,car,2,VIOLATION
1767381889.7094464,724,216,car,3,VIOLATION
1767381889.7766967,725,212,car,2,VIOLATION
1767381889.7766967,725,216,car,3,VIOLATION
1767381889.8402464,726,212,car,2,VIOLATION
1767381889.8402464,726,216,car,3,VIOLATION
1767381889.889518,727,212,car,2,VIOLATION
1767381889.89165,727,216,car,3,VIOLATION
1767381889.9415593,728,212,car,2,VIOLATION
1767381889.9435756,728,216,car,3,VIOLATION
1767381889.9936373,729,212,car,2,VIOLATION
1767381889.9946449,729,216,car,3,VIOLATION
1767381890.068196,730,212,car,2,VIOLATION
1767381890.068196,730,216,car,3,VIOLATION
1767381890.1142435,731,212,car,2,VIOLATION
1767381890.1142435,731,216,car,3,VIOLATION
1767381890.1733065,732,212,car,2,VIOLATION
1767381890.174309,732,216,car,3,VIOLATION
1767381890.2382917,733,212,car,2,VIOLATION
1767381890.2442133,733,216,car,3,VIOLATION
1767381890.2963595,734,212,car,2,VIOLATION
1767381890.2963595,734,216,car,3,VIOLATION
1767381890.3622432,735,212,car,2,VIOLATION
1767381890.3637466,735,216,car,3,VIOLATION
1767381890.4182506,736,212,car,2,VIOLATION
1767381890.4202542,736,216,car,3,VIOLATION
1767381890.4742672,737,212,car,3,VIOLATION
1767381890.4753764,737,216,car,3,VIOLATION
1767381890.5335908,738,212,car,3,VIOLATION
1767381890.5345979,738,216,car,3,VIOLATION
1767381890.604223,739,212,car,3,VIOLATION
1767381890.604223,739,216,car,3,VIOLATION
1767381890.6566367,740,212,car,3,VIOLATION
1767381890.6566367,740,216,car,3,VIOLATION
1767381890.708364,741,212,car,3,VIOLATION
1767381890.708364,741,216,car,3,VIOLATION
1767381890.766401,742,212,car,3,VIOLATION
1767381890.766401,742,216,car,3,VIOLATION
1767381890.8184607,743,212,car,3,VIOLATION
1767381890.8184607,743,216,car,3,VIOLATION
1767381890.8873873,744,212,car,3,VIOLATION
1767381890.8873873,744,216,car,3,VIOLATION
1767381890.9524357,745,212,car,3,VIOLATION
1767381890.9543002,745,216,car,3,VIOLATION
1767381891.0198615,746,212,car,3,VIOLATION
1767381891.0198615,746,216,car,3,VIOLATION
1767381891.074184,747,212,car,3,VIOLATION
1767381891.0778036,747,216,car,3,VIOLATION
1767381891.1341977,748,212,car,3,VIOLATION
1767381891.1341977,748,216,car,3,VIOLATION
1767381891.1844628,749,212,car,3,VIOLATION
1767381891.1844628,749,216,car,3,VIOLATION
1767381891.3196287,750,212,car,3,VIOLATION
1767381891.320627,750,216,car,3,VIOLATION
1767381891.3711915,751,212,car,3,VIOLATION
1767381891.3721912,751,216,car,3,VIOLATION
1767381891.4267678,752,212,car,3,VIOLATION
1767381891.4267678,752,216,car,3,VIOLATION
1767381891.5009906,753,212,car,3,VIOLATION
1767381891.5019913,753,216,car,3,VIOLATION
1767381891.5785816,754,212,car,3,VIOLATION
1767381891.5795937,754,216,car,3,VIOLATION
1767381891.6486428,755,212,car,3,VIOLATION
1767381891.6496377,755,216,car,3,VIOLATION
1767381891.701241,756,212,car,3,VIOLATION
1767381891.702241,756,216,car,3,VIOLATION
1767381891.7565105,757,212,car,3,VIOLATION
1767381891.7575104,757,216,car,3,VIOLATION
1767381891.8117204,758,212,car,3,VIOLATION
1767381891.8127203,758,216,car,3,VIOLATION
1767381891.8687878,759,212,car,3,VIOLATION
1767381891.8687878,759,216,car,3,VIOLATION
1767381891.9166543,760,212,car,3,VIOLATION
1767381891.9176548,760,216,car,3,VIOLATION
1767381891.9663,761,212,car,3,VIOLATION
1767381891.967807,761,216,car,3,VIOLATION
1767381892.0252352,762,212,car,3,VIOLATION
1767381892.0252352,762,216,car,3,VIOLATION
1767381892.077308,763,212,car,3,VIOLATION
1767381892.077308,763,216,car,3,VIOLATION
1767381892.1597378,764,212,car,3,VIOLATION
1767381892.1607423,764,216,car,3,VIOLATION
1767381892.2117038,765,212,car,3,VIOLATION
1767381892.2117038,765,216,car,3,VIOLATION
1767381892.263513,766,212,car,3,VIOLATION
1767381892.2645133,766,216,car,3,VIOLATION
1767381892.321229,767,212,car,3,VIOLATION
1767381892.321229,767,216,car,3,VIOLATION
1767381892.3707936,768,212,car,3,VIOLATION
1767381892.3707936,768,216,car,3,VIOLATION
1767381892.4218717,769,212,car,3,VIOLATION
1767381892.4218717,769,216,car,3,VIOLATION
1767381892.4664314,770,212,car,3,VIOLATION
1767381892.4664314,770,216,car,3,VIOLATION
1767381892.5099986,771,212,car,3,VIOLATION
1767381892.5109985,771,216,car,3,VIOLATION
1767381892.5555668,772,212,car,3,VIOLATION
1767381892.556567,772,216,car,3,VIOLATION
1767381892.6072721,773,212,car,3,VIOLATION
1767381892.6072721,773,216,car,3,VIOLATION
1767381892.6568325,774,212,car,3,VIOLATION
1767381892.6578352,774,216,car,3,VIOLATION
1767381892.717608,775,212,car,3,VIOLATION
1767381892.717608,775,216,car,3,VIOLATION
1767381892.817823,776,212,car,3,VIOLATION
1767381892.8183336,776,216,car,3,VIOLATION
1767381892.9178345,777,212,car,3,VIOLATION
1767381892.9188328,777,216,car,3,VIOLATION
1767381893.012608,778,212,car,3,VIOLATION
1767381893.012608,778,216,car,3,VIOLATION
1767381893.1246881,779,212,car,3,VIOLATION
1767381893.1246881,779,216,car,3,VIOLATION
1767381893.3923755,780,212,car,3,VIOLATION
1767381893.3946333,780,216,car,3,VIOLATION
1767381893.5046716,781,216,car,3,VIOLATION
1767381893.6176307,782,216,car,3,VIOLATION
1767381893.7245178,783,216,car,3,VIOLATION
1767381893.796753,784,216,car,3,VIOLATION
1767381893.8603754,785,216,car,3,VIOLATION
1767381893.9123669,786,216,car,3,VIOLATION
1767381893.974218,787,216,car,3,VIOLATION
1767381894.026423,788,216,car,3,VIOLATION
1767381894.0756564,789,216,car,3,VIOLATION
1767381894.1246493,790,216,car,3,VIOLATION
1767381906.7633588,46,8,car,2,VIOLATION
1767381906.814096,47,8,car,2,VIOLATION
1767381906.8722918,48,8,car,2,VIOLATION
1767381906.9275782,49,8,car,2,VIOLATION
1767381906.98165,50,8,car,2,VIOLATION
1767381907.0304365,51,8,car,2,VIOLATION
1767381907.0762389,52,8,car,2,VIOLATION
1767381907.1216452,53,8,car,2,VIOLATION
1767381907.1682973,54,8,car,2,VIOLATION
1767381907.229136,55,8,car,2,VIOLATION
1767381907.2842495,56,8,car,2,VIOLATION
1767381907.32939,57,8,car,2,VIOLATION
1767381907.382384,58,8,car,2,VIOLATION
1767381907.7141957,63,8,car,2,VIOLATION
1767381907.784134,64,8,car,2,VIOLATION
1767381907.8463025,65,8,car,2,VIOLATION
1767381907.894138,66,8,car,2,VIOLATION
1767381907.9423194,67,8,car,2,VIOLATION
1767381908.0001729,68,8,car,2,VIOLATION
1767381908.0516138,69,8,car,2,VIOLATION
1767381908.1082482,70,8,car,2,VIOLATION
1767381908.1582804,71,8,car,2,VIOLATION
1767381908.2017813,72,8,car,2,VIOLATION
1767381908.3455925,75,8,car,2,VIOLATION
1767381908.396142,76,8,car,2,VIOLATION
1767381908.4441924,77,8,car,2,VIOLATION
1767381908.4441924,77,12,motorcycle,3,VIOLATION
1767381908.5062253,78,8,car,2,VIOLATION
1767381908.5082285,78,12,motorcycle,3,VIOLATION
1767381908.5555406,79,8,car,2,VIOLATION
1767381908.6205606,80,8,car,2,VIOLATION
1767381908.6205606,80,12,motorcycle,3,VIOLATION
1767381908.6781807,81,8,car,2,VIOLATION
1767381908.680183,81,12,motorcycle,3,VIOLATION
1767381908.72663,82,8,car,2,VIOLATION
1767381908.7742255,83,8,car,2,VIOLATION
1767381908.820023,84,8,car,2,VIOLATION
1767381908.8742323,85,8,car,2,VIOLATION
1767381908.9185212,86,8,car,2,VIOLATION
1767381908.9641953,87,8,car,2,VIOLATION
1767381909.0166316,88,8,car,2,VIOLATION
1767381909.060264,89,8,car,2,VIOLATION
1767381909.2043884,90,19,car,2,VIOLATION
1767381909.2473345,91,19,car,2,VIOLATION
1767381909.2473345,91,8,car,2,VIOLATION
1767381909.3024275,92,8,car,2,VIOLATION
1767381909.346511,93,8,car,2,VIOLATION
1767381909.3956676,94,8,car,2,VIOLATION
1767381909.4465458,95,8,car,2,VIOLATION
1767381909.4956586,96,8,car,2,VIOLATION
1767381909.5475945,97,8,car,2,VIOLATION
1767381909.5961924,98,8,car,2,VIOLATION
1767381909.5982003,98,12,motorcycle,3,VIOLATION
1767381909.6515868,99,8,car,2,VIOLATION
1767381909.6515868,99,12,motorcycle,3,VIOLATION
1767381909.7096345,100,8,car,2,VIOLATION
1767381909.7096345,100,12,motorcycle,3,VIOLATION
1767381909.7630022,101,8,car,2,VIOLATION
1767381909.8162916,102,8,car,2,VIOLATION
1767381909.8772445,103,8,car,2,VIOLATION
1767381909.9365175,104,8,car,2,VIOLATION
1767381909.9915595,105,8,car,2,VIOLATION
1767381910.0395224,106,8,car,2,VIOLATION
1767381910.0841622,107,8,car,2,VIOLATION
1767381910.0862055,107,12,motorcycle,3,VIOLATION
1767381910.1403491,108,8,car,2,VIOLATION
1767381910.1963367,109,8,car,2,VIOLATION
1767381910.2495475,110,8,car,2,VIOLATION
1767381910.312596,111,8,car,2,VIOLATION
1767381910.312596,111,29,car,1,VIOLATION
1767381910.3612611,112,8,car,2,VIOLATION
1767381910.4085846,113,8,car,2,VIOLATION
1767381910.4085846,113,29,car,1,VIOLATION
1767381910.4561746,114,8,car,2,VIOLATION
1767381910.5002084,115,8,car,2,VIOLATION
1767381910.5002084,115,29,car,1,VIOLATION
1767381910.5505054,116,8,car,2,VIOLATION
1767381910.596107,117,8,car,2,VIOLATION
1767381910.647566,118,8,car,2,VIOLATION
1767381910.647566,118,29,car,1,VIOLATION
1767381910.6965544,119,8,car,2,VIOLATION
1767381910.6965544,119,33,car,1,VIOLATION
1767381910.6965544,119,29,car,1,VIOLATION
1767381910.8442996,120,8,car,2,VIOLATION
1767381910.8442996,120,33,car,1,VIOLATION
1767381910.8482866,120,29,car,1,VIOLATION
1767381910.8961563,121,8,car,2,VIOLATION
1767381910.898159,121,33,car,1,VIOLATION
1767381910.898159,121,29,car,1,VIOLATION
1767381910.9555223,122,8,car,2,VIOLATION
1767381910.9555223,122,33,car,1,VIOLATION
1767381910.9555223,122,29,car,1,VIOLATION
1767381911.0102842,123,8,car,2,VIOLATION
1767381911.012291,123,33,car,1,VIOLATION
1767381911.012291,123,29,car,1,VIOLATION
1767381911.0720198,124,8,car,2,VIOLATION
1767381911.1195378,125,8,car,2,VIOLATION
1767381911.1725085,126,8,car,2,VIOLATION
1767381911.1725085,126,29,car,1,VIOLATION
1767381911.2195032,127,8,car,2,VIOLATION
1767381911.2195032,127,29,car,1,VIOLATION
1767381911.271178,128,8,car,2,VIOLATION
1767381911.271178,128,29,car,1,VIOLATION
1767381911.324492,129,8,car,2,VIOLATION
1767381911.324492,129,29,car,1,VIOLATION
1767381911.3843327,130,8,car,2,VIOLATION
1767381911.3843327,130,29,car,1,VIOLATION
1767381911.439467,131,8,car,2,VIOLATION
1767381911.4985523,132,8,car,2,VIOLATION
1767381911.54451,133,8,car,2,VIOLATION
1767381911.5932305,134,8,car,2,VIOLATION
1767381911.650231,135,8,car,2,VIOLATION
1767381911.7061985,136,8,car,2,VIOLATION
1767381911.7562566,137,8,car,2,VIOLATION
1767381911.8002248,138,8,car,2,VIOLATION
1767381911.8494725,139,8,car,2,VIOLATION
1767381911.8966093,140,8,car,2,VIOLATION
1767381911.938034,141,8,car,2,VIOLATION
1767381911.9893513,142,8,car,2,VIOLATION
1767381912.0424218,143,8,car,2,VIOLATION
1767381912.1074407,144,8,car,2,VIOLATION
1767381912.172111,145,8,car,2,VIOLATION
1767381912.2224562,146,8,car,2,VIOLATION
1767381912.270006,147,8,car,2,VIOLATION
1767381912.3211038,148,8,car,2,VIOLATION
1767381912.3704882,149,8,car,2,VIOLATION
1767381912.5196788,150,8,car,2,VIOLATION
1767381912.5733702,151,8,car,2,VIOLATION
1767381912.6141222,152,8,car,2,VIOLATION
1767381912.6641548,153,8,car,2,VIOLATION
1767381912.7115996,154,8,car,2,VIOLATION
1767381912.7594414,155,8,car,2,VIOLATION
1767381912.8065548,156,8,car,2,VIOLATION
1767381912.8543067,157,8,car,2,VIOLATION
1767381912.9044905,158,8,car,2,VIOLATION
1767381912.9495745,159,8,car,2,VIOLATION
1767381912.9983914,160,8,car,2,VIOLATION
1767381913.042255,161,8,car,2,VIOLATION
1767381913.0923243,162,8,car,2,VIOLATION
1767381913.1445036,163,8,car,2,VIOLATION
1767381913.1942875,164,8,car,2,VIOLATION
1767381913.2443025,165,8,car,2,VIOLATION
1767381913.2954872,166,8,car,2,VIOLATION
1767381913.3502443,167,8,car,2,VIOLATION
1767381913.3984468,168,8,car,2,VIOLATION
1767381913.447538,169,8,car,2,VIOLATION
1767381913.5043108,170,8,car,2,VIOLATION
1767381913.5643322,171,8,car,2,VIOLATION
1767381913.6245003,172,8,car,2,VIOLATION
1767381913.6843245,173,8,car,2,VIOLATION
1767381913.7285993,174,8,car,2,VIOLATION
1767381913.778583,175,8,car,2,VIOLATION
1767381913.8241673,176,8,car,2,VIOLATION
1767381913.8744502,177,8,car,2,VIOLATION
1767381913.9194527,178,8,car,2,VIOLATION
1767381913.9684434,179,8,car,2,VIOLATION
1767381914.0901403,180,8,car,2,VIOLATION
1767381914.1442451,181,8,car,2,VIOLATION
1767381914.2066908,182,8,car,2,VIOLATION
1767381914.2066908,182,50,car,2,VIOLATION
1767381914.2506113,183,8,car,2,VIOLATION
1767381914.2955792,184,8,car,2,VIOLATION
1767381914.3415267,185,8,car,2,VIOLATION
1767381914.3941202,186,8,car,2,VIOLATION
1767381914.3941202,186,50,car,2,VIOLATION
1767381914.4443426,187,8,car,2,VIOLATION
1767381914.5043511,188,8,car,2,VIOLATION
1767381914.5574248,189,8,car,2,VIOLATION
1767381932.1542313,511,170,motorcycle,3,VIOLATION
1767381934.2242043,550,180,car,2,VIOLATION
1767381935.3639765,570,188,motorcycle,3,VIOLATION
1767381935.4141402,571,188,motorcycle,3,VIOLATION
1767381936.9841595,600,189,car,2,VIOLATION
1767381937.0305197,601,189,car,2,VIOLATION
1767381937.097167,602,189,car,2,VIOLATION
1767381938.356309,627,205,motorcycle,4,VIOLATION
1767381939.2193975,643,210,motorcycle,3,VIOLATION
1767381939.2691152,644,210,motorcycle,3,VIOLATION
1767381939.318393,645,210,motorcycle,3,VIOLATION
1767381939.378445,646,210,motorcycle,3,VIOLATION
1767381939.4218304,647,210,motorcycle,3,VIOLATION
1767381939.4820166,648,210,motorcycle,3,VIOLATION
1767381939.5320609,649,210,motorcycle,3,VIOLATION
1767381939.5843737,650,212,car,2,VIOLATION
1767381939.64147,651,212,car,2,VIOLATION
1767381939.64147,651,210,motorcycle,3,VIOLATION
1767381939.6939576,652,212,car,2,VIOLATION
1767381939.7482722,653,212,car,2,VIOLATION
1767381939.8043566,654,212,car,2,VIOLATION
1767381939.8561513,655,212,car,2,VIOLATION
1767381939.894351,656,212,car,2,VIOLATION
1767381939.9563942,657,212,car,2,VIOLATION
1767381940.0059443,658,212,car,2,VIOLATION
1767381940.0059443,658,214,motorcycle,3,VIOLATION
1767381940.0623584,659,214,motorcycle,3,VIOLATION
1767381940.1836278,660,212,car,2,VIOLATION
1767381940.2340245,661,212,car,2,VIOLATION
1767381940.2841432,662,212,car,2,VIOLATION
1767381940.341232,663,212,car,2,VIOLATION
1767381940.3934045,664,212,car,2,VIOLATION
1767381940.4443398,665,212,car,2,VIOLATION
1767381940.4890916,666,212,car,2,VIOLATION
1767381940.5393558,667,212,car,2,VIOLATION
1767381940.6041734,668,212,car,2,VIOLATION
1767381940.6483335,669,212,car,2,VIOLATION
1767381940.694125,670,212,car,2,VIOLATION
1767381940.7401242,671,212,car,2,VIOLATION
1767381940.7960215,672,212,car,2,VIOLATION
1767381940.8542967,673,212,car,2,VIOLATION
1767381940.9081085,674,212,car,2,VIOLATION
1767381940.9642603,675,212,car,2,VIOLATION
1767381941.0123756,676,212,car,2,VIOLATION
1767381941.0591967,677,212,car,2,VIOLATION
1767381941.1223626,678,212,car,2,VIOLATION
1767381941.1744022,679,212,car,2,VIOLATION
1767381941.23,680,212,car,2,VIOLATION
1767381941.2742457,681,212,car,2,VIOLATION
1767381941.3343408,682,212,car,2,VIOLATION
1767381941.389116,683,212,car,2,VIOLATION
1767381941.444182,684,212,car,2,VIOLATION
1767381941.5042617,685,212,car,2,VIOLATION
1767381941.5721195,686,212,car,2,VIOLATION
1767381941.624082,687,212,car,2,VIOLATION
1767381941.676142,688,212,car,2,VIOLATION
1767381941.7242355,689,212,car,2,VIOLATION
1767381941.850032,690,212,car,2,VIOLATION
1767381941.900065,691,212,car,2,VIOLATION
1767381941.9482548,692,212,car,2,VIOLATION
1767381942.0081763,693,212,car,2,VIOLATION
1767381942.06395,694,212,car,2,VIOLATION
1767381942.1199892,695,212,car,2,VIOLATION
1767381942.17024,696,212,car,2,VIOLATION
1767381942.223964,697,212,car,2,VIOLATION
1767381942.2762918,698,212,car,2,VIOLATION
1767381942.3240879,699,212,car,2,VIOLATION
1767381942.3710139,700,212,car,2,VIOLATION
1767381942.429012,701,212,car,2,VIOLATION
1767381942.4843106,702,212,car,2,VIOLATION
1767381942.5302377,703,212,car,2,VIOLATION
1767381942.574307,704,212,car,2,VIOLATION
1767381942.626249,705,212,car,2,VIOLATION
1767381942.6742213,706,212,car,2,VIOLATION
1767381942.7239249,707,212,car,2,VIOLATION
1767381942.7814002,708,212,car,2,VIOLATION
1767381942.833073,709,212,car,2,VIOLATION
1767381942.8792984,710,212,car,2,VIOLATION
1767381942.9342244,711,212,car,2,VIOLATION
1767381942.9920826,712,212,car,2,VIOLATION
1767381943.039406,713,212,car,2,VIOLATION
1767381943.039406,713,232,car,2,VIOLATION
1767381943.0841513,714,212,car,2,VIOLATION
1767381943.129053,715,212,car,2,VIOLATION
1767381943.1741922,716,212,car,2,VIOLATION
1767381943.2261817,717,212,car,2,VIOLATION
1767381943.2743595,718,212,car,2,VIOLATION
1767381943.3240147,719,212,car,2,VIOLATION
1767381943.4775777,720,212,car,2,VIOLATION
1767381943.526196,721,212,car,2,VIOLATION
1767381943.5806816,722,212,car,2,VIOLATION
1767381943.6341681,723,212,car,2,VIOLATION
1767381943.6861758,724,212,car,2,VIOLATION
1767381943.7361896,725,212,car,2,VIOLATION
1767381943.7839408,726,212,car,2,VIOLATION
1767381943.8253198,727,212,car,2,VIOLATION
1767381943.8833544,728,212,car,2,VIOLATION
1767381943.9406435,729,212,car,2,VIOLATION
1767381943.9952784,730,212,car,2,VIOLATION
1767381944.0589266,731,212,car,2,VIOLATION
1767381944.1040528,732,212,car,2,VIOLATION
1767381944.1563363,733,212,car,2,VIOLATION
1767381944.2023435,734,212,car,2,VIOLATION
1767381944.2590907,735,212,car,2,VIOLATION
1767381944.3041801,736,212,car,2,VIOLATION
1767381945.3794973,757,238,motorcycle,3,VIOLATION
1767381949.754119,838,241,car,2,VIOLATION
1767381949.810193,839,241,car,2,VIOLATION
1767381949.954344,840,241,car,2,VIOLATION
1767381950.0084715,841,241,car,2,VIOLATION
1767381950.0541947,842,241,car,2,VIOLATION
1767381950.1201923,843,241,car,2,VIOLATION
1767381950.1741762,844,241,car,2,VIOLATION
1767381950.2314606,845,241,car,2,VIOLATION
1767381950.2840917,846,241,car,2,VIOLATION
1767381950.3421905,847,241,car,2,VIOLATION
1767381950.3973637,848,241,car,2,VIOLATION
1767381950.4601197,849,241,car,2,VIOLATION
1767381950.5053892,850,241,car,2,VIOLATION
1767381950.5580614,851,241,car,2,VIOLATION
1767381950.6002178,852,241,car,2,VIOLATION
1767381950.6690788,853,241,car,2,VIOLATION
1767381950.724197,854,241,car,2,VIOLATION
1767381950.7761586,855,241,car,2,VIOLATION
1767381950.8221195,856,241,car,2,VIOLATION
1767381950.8841326,857,241,car,2,VIOLATION
1767381950.9418657,858,241,car,2,VIOLATION
1767381950.991035,859,241,car,2,VIOLATION
1767381951.0401614,860,241,car,2,VIOLATION
1767381951.0975595,861,241,car,2,VIOLATION
1767381951.140183,862,241,car,2,VIOLATION
1767381951.19406,863,241,car,2,VIOLATION
1767381951.2400095,864,241,car,2,VIOLATION
1767381951.2900765,865,241,car,2,VIOLATION
1767381951.3365533,866,241,car,2,VIOLATION
1767381951.3862147,867,241,car,2,VIOLATION
1767381951.433913,868,241,car,2,VIOLATION
1767381951.4941642,869,241,car,2,VIOLATION
1767381951.634057,870,241,car,2,VIOLATION
1767381951.6939442,871,241,car,2,VIOLATION
1767381951.748153,872,241,car,2,VIOLATION
1767381951.806083,873,241,car,2,VIOLATION
1767381951.9039109,875,241,car,2,VIOLATION
1767381951.954271,876,241,car,2,VIOLATION
1767381951.9993963,877,241,car,2,VIOLATION
1767381952.0573606,878,241,car,2,VIOLATION
1767381952.099187,879,241,car,2,VIOLATION
1767381952.1601188,880,241,car,2,VIOLATION
1767381952.212232,881,241,car,2,VIOLATION
1767381952.2726178,882,241,car,2,VIOLATION
1767381952.3243012,883,241,car,2,VIOLATION
1767381952.3792965,884,241,car,2,VIOLATION
1767381952.4409502,885,241,car,2,VIOLATION
1767381952.5001953,886,241,car,2,VIOLATION
1767381952.5001953,886,261,car,2,VIOLATION
1767381952.5539849,887,241,car,2,VIOLATION
1767381952.6062586,888,241,car,2,VIOLATION
1767381952.6492403,889,241,car,2,VIOLATION
1767381952.7059588,890,241,car,2,VIOLATION
1767381952.7642343,891,241,car,2,VIOLATION
1767381952.8240445,892,241,car,2,VIOLATION
1767381952.8681915,893,241,car,2,VIOLATION
1767381952.9219825,894,241,car,2,VIOLATION
1767381952.966616,895,241,car,2,VIOLATION
1767381953.014117,896,241,car,2,VIOLATION
1767381953.0641317,897,241,car,2,VIOLATION
1767381953.1163163,898,241,car,2,VIOLATION
1767381953.1714346,899,241,car,2,VIOLATION
1767381953.314315,900,241,car,2,VIOLATION
1767381953.3631272,901,241,car,2,VIOLATION
1767381953.4094126,902,241,car,2,VIOLATION
1767381953.4600723,903,241,car,2,VIOLATION
1767381953.5080903,904,241,car,2,VIOLATION
1767381953.572285,905,241,car,2,VIOLATION
1767381953.624313,906,241,car,2,VIOLATION
1767381953.6784549,907,241,car,2,VIOLATION
1767381953.7284186,908,241,car,2,VIOLATION
1767381953.7742069,909,241,car,2,VIOLATION
1767381953.836333,910,241,car,2,VIOLATION
1767381953.8877258,911,241,car,2,VIOLATION
1767381953.940206,912,241,car,2,VIOLATION
1767381953.9903004,913,241,car,2,VIOLATION
1767381954.0388956,914,241,car,2,VIOLATION
1767381954.0899353,915,241,car,2,VIOLATION
1767381954.1418731,916,241,car,2,VIOLATION
1767381954.1438785,916,275,car,1,VIOLATION
1767381954.205419,917,241,car,2,VIOLATION
1767381954.2580662,918,241,car,2,VIOLATION
1767381954.3060417,919,241,car,2,VIOLATION
1767381954.3543525,920,241,car,2,VIOLATION
1767381954.3999777,921,241,car,2,VIOLATION
1767381954.3999777,921,275,car,1,VIOLATION
1767381954.4483883,922,241,car,2,VIOLATION
1767381954.4960656,923,241,car,2,VIOLATION
1767381954.5417705,924,241,car,2,VIOLATION
1767381954.54428,924,278,car,2,VIOLATION
1767381954.5939934,925,241,car,2,VIOLATION
1767381954.5939934,925,279,motorcycle,4,VIOLATION
1767381954.6393185,926,241,car,2,VIOLATION
1767381954.6443336,926,279,motorcycle,4,VIOLATION
1767381954.6443336,926,278,car,2,VIOLATION
1767381954.696029,927,241,car,2,VIOLATION
1767381954.7483873,928,241,car,2,VIOLATION
1767381954.7483873,928,278,car,2,VIOLATION
1767381954.7980416,929,241,car,2,VIOLATION
1767381954.9241774,930,241,car,2,VIOLATION
1767381954.9241774,930,278,car,2,VIOLATION
1767381954.970185,931,241,car,2,VIOLATION
1767381955.0202658,932,241,car,2,VIOLATION
1767381955.0701728,933,241,car,2,VIOLATION
1767381955.1383908,934,241,car,2,VIOLATION
1767381955.188975,935,241,car,2,VIOLATION
1767381955.256125,936,241,car,2,VIOLATION
1767381955.3090742,937,241,car,2,VIOLATION
1767382107.3265293,40,12,car,2,VIOLATION
1767382107.372227,41,12,car,2,VIOLATION
1767382107.414566,42,12,car,2,VIOLATION
1767382107.4735942,43,12,car,2,VIOLATION
1767382107.522343,44,12,car,2,VIOLATION
1767382107.572209,45,12,car,2,VIOLATION
1767382107.6264095,46,12,car,2,VIOLATION
1767382107.6825838,47,12,car,2,VIOLATION
1767382107.732426,48,12,car,2,VIOLATION
1767382107.7809925,49,12,car,2,VIOLATION
1767382107.8243968,50,12,car,2,VIOLATION
1767382107.8699744,51,12,car,2,VIOLATION
1767382107.9173276,52,12,car,2,VIOLATION
1767382107.9660401,53,12,car,2,VIOLATION
1767382108.0166917,54,12,car,2,VIOLATION
1767382108.0640829,55,12,car,2,VIOLATION
1767382108.121332,56,12,car,2,VIOLATION
1767382108.1825216,57,12,car,2,VIOLATION
1767382108.2375968,58,12,car,2,VIOLATION
1767382108.284234,59,12,car,2,VIOLATION
1767382108.4254704,60,12,car,2,VIOLATION
1767382108.4723587,61,12,car,2,VIOLATION
1767382108.5263064,62,12,car,2,VIOLATION
1767382108.5873218,63,12,car,2,VIOLATION
1767382108.6474853,64,12,car,2,VIOLATION
1767382108.6943238,65,12,car,2,VIOLATION
1767382108.7444472,66,12,car,2,VIOLATION
1767382108.7879822,67,12,car,2,VIOLATION
1767382108.8321881,68,12,car,2,VIOLATION
1767382108.8866212,69,12,car,2,VIOLATION
1767382108.9345567,70,12,car,2,VIOLATION
1767382108.9801884,71,12,car,2,VIOLATION
1767382109.0284867,72,12,car,2,VIOLATION
1767382109.0743396,73,12,car,2,VIOLATION
1767382109.1200738,74,12,car,2,VIOLATION
1767382109.1721697,75,12,car,2,VIOLATION
1767382109.2312868,76,12,car,2,VIOLATION
1767382109.2322896,76,81,motorcycle,3,VIOLATION
1767382109.2823427,77,12,car,2,VIOLATION
1767382109.2823427,77,81,motorcycle,3,VIOLATION
1767382109.3306303,78,12,car,2,VIOLATION
1767382109.3306303,78,81,motorcycle,3,VIOLATION
1767382109.3803446,79,12,car,2,VIOLATION
1767382109.3823473,79,81,motorcycle,3,VIOLATION
1767382109.438122,80,12,car,2,VIOLATION
1767382109.4401248,80,81,motorcycle,3,VIOLATION
1767382109.4926112,81,12,car,2,VIOLATION
1767382109.4926112,81,81,motorcycle,3,VIOLATION
1767382109.4926112,81,92,car,1,VIOLATION
1767382109.5522761,82,12,car,2,VIOLATION
1767382109.5522761,82,81,motorcycle,3,VIOLATION
1767382109.5522761,82,92,car,1,VIOLATION
1767382109.597535,83,12,car,2,VIOLATION
1767382109.597535,83,81,motorcycle,3,VIOLATION
1767382109.6425247,84,12,car,2,VIOLATION
1767382109.6459405,84,81,motorcycle,3,VIOLATION
1767382109.6924002,85,12,car,2,VIOLATION
1767382109.6924002,85,81,motorcycle,3,VIOLATION
1767382109.7379534,86,12,car,2,VIOLATION
1767382109.7379534,86,81,motorcycle,3,VIOLATION
1767382109.7823594,87,12,car,2,VIOLATION
1767382109.83623,88,12,car,2,VIOLATION
1767382109.886331,89,12,car,2,VIOLATION
1767382109.8883388,89,108,car,2,VIOLATION
1767382110.0083144,90,12,car,2,VIOLATION
1767382110.0083144,90,108,car,2,VIOLATION
1767382110.0582461,91,12,car,2,VIOLATION
1767382110.0582461,91,108,car,2,VIOLATION
1767382110.104664,92,12,car,2,VIOLATION
1767382110.104664,92,108,car,2,VIOLATION
1767382110.152559,93,12,car,2,VIOLATION
1767382110.152559,93,108,car,2,VIOLATION
1767382110.2024786,94,12,car,2,VIOLATION
1767382110.2045538,94,108,car,2,VIOLATION
1767382110.250486,95,12,car,2,VIOLATION
1767382110.2921524,96,12,car,2,VIOLATION
1767382110.3442373,97,12,car,2,VIOLATION
1767382110.3922248,98,12,car,2,VIOLATION
1767382110.3922248,98,131,motorcycle,3,VIOLATION
1767382110.4363525,99,12,car,2,VIOLATION
1767382110.4383562,99,131,motorcycle,3,VIOLATION
1767382110.4804196,100,12,car,2,VIOLATION
1767382110.4824228,100,131,motorcycle,3,VIOLATION
1767382110.5283692,101,12,car,2,VIOLATION
1767382110.5303721,101,131,motorcycle,3,VIOLATION
1767382110.58418,102,12,car,2,VIOLATION
1767382110.58418,102,131,motorcycle,3,VIOLATION
1767382110.6326,103,12,car,2,VIOLATION
1767382110.679745,104,12,car,2,VIOLATION
1767382110.7224476,105,12,car,2,VIOLATION
1767382110.7245085,105,108,car,2,VIOLATION
1767382110.7245085,105,131,motorcycle,3,VIOLATION
1767382110.7722838,106,12,car,2,VIOLATION
1767382110.7722838,106,131,motorcycle,3,VIOLATION
1767382110.8189938,107,12,car,2,VIOLATION
1767382110.8209965,107,131,motorcycle,3,VIOLATION
1767382110.8673074,108,12,car,2,VIOLATION
1767382110.9204292,109,12,car,2,VIOLATION
1767382110.9821749,110,12,car,2,VIOLATION
1767382110.9821749,110,155,car,1,VIOLATION
1767382111.0284603,111,12,car,2,VIOLATION
1767382111.0284603,111,155,car,1,VIOLATION
1767382111.0798974,112,12,car,2,VIOLATION
1767382111.0823998,112,155,car,1,VIOLATION
1767382111.0823998,112,130,car,1,VIOLATION
1767382111.1386664,113,12,car,2,VIOLATION
1767382111.140669,113,155,car,1,VIOLATION
1767382111.140669,113,130,car,1,VIOLATION
1767382111.2021747,114,12,car,2,VIOLATION
1767382111.2021747,114,155,car,1,VIOLATION
1767382111.2425473,115,12,car,2,VIOLATION
1767382111.252382,115,155,car,1,VIOLATION
1767382111.3123028,116,12,car,2,VIOLATION
1767382111.3123028,116,155,car,1,VIOLATION
1767382111.3823338,117,12,car,2,VIOLATION
1767382111.3823338,117,155,car,1,VIOLATION
1767382111.434249,118,12,car,2,VIOLATION
1767382111.434249,118,155,car,1,VIOLATION
1767382111.4362516,118,130,car,1,VIOLATION
1767382111.4965541,119,12,car,2,VIOLATION
1767382111.4965541,119,155,car,1,VIOLATION
1767382111.4965541,119,130,car,1,VIOLATION
1767382111.634101,120,12,car,2,VIOLATION
1767382111.634101,120,155,car,1,VIOLATION
1767382111.634101,120,130,car,1,VIOLATION
1767382111.686343,121,12,car,2,VIOLATION
1767382111.6883452,121,155,car,1,VIOLATION
1767382111.6883452,121,130,car,1,VIOLATION
1767382111.737754,122,12,car,2,VIOLATION
1767382111.737754,122,155,car,1,VIOLATION
1767382111.737754,122,130,car,1,VIOLATION
1767382111.7866244,123,12,car,2,VIOLATION
1767382111.7886267,123,155,car,1,VIOLATION
1767382111.7886267,123,130,car,1,VIOLATION
1767382111.842515,124,12,car,2,VIOLATION
1767382111.89764,125,12,car,2,VIOLATION
1767382111.89764,125,155,car,1,VIOLATION
1767382111.95724,126,12,car,2,VIOLATION
1767382111.95724,126,155,car,1,VIOLATION
1767382112.022439,127,12,car,2,VIOLATION
1767382112.022439,127,155,car,1,VIOLATION
1767382112.072309,128,12,car,2,VIOLATION
1767382112.072309,128,155,car,1,VIOLATION
1767382112.1343312,129,12,car,2,VIOLATION
1767382112.1343312,129,155,car,1,VIOLATION
1767382112.1825035,130,12,car,2,VIOLATION
1767382112.1825035,130,155,car,1,VIOLATION
1767382112.2294667,131,12,car,2,VIOLATION
1767382112.2900004,132,12,car,2,VIOLATION
1767382112.2925029,132,155,car,1,VIOLATION
1767382112.3421433,133,12,car,2,VIOLATION
1767382112.3421433,133,155,car,1,VIOLATION
1767382112.4024518,134,12,car,2,VIOLATION
1767382112.4024518,134,155,car,1,VIOLATION
1767382112.4522011,135,12,car,2,VIOLATION
1767382112.4522011,135,155,car,1,VIOLATION
1767382112.4990737,136,12,car,2,VIOLATION
1767382112.4990737,136,155,car,1,VIOLATION
1767382112.5471869,137,12,car,2,VIOLATION
1767382112.59247,138,12,car,2,VIOLATION
1767382112.5950434,138,155,car,1,VIOLATION
1767382112.6361299,139,12,car,2,VIOLATION
1767382112.684463,140,12,car,2,VIOLATION
1767382112.73435,141,12,car,2,VIOLATION
1767382112.7823215,142,12,car,2,VIOLATION
1767382112.8299828,143,12,car,2,VIOLATION
1767382112.8745124,144,12,car,2,VIOLATION
1767382112.9386199,145,12,car,2,VIOLATION
1767382112.9843876,146,12,car,2,VIOLATION
1767382113.0323322,147,12,car,2,VIOLATION
1767382113.0825782,148,12,car,2,VIOLATION
1767382113.1325614,149,12,car,2,VIOLATION
1767382113.2657979,150,12,car,2,VIOLATION
1767382113.317311,151,12,car,2,VIOLATION
1767382113.364745,152,12,car,2,VIOLATION
1767382113.4124885,153,12,car,2,VIOLATION
1767382113.47059,154,12,car,2,VIOLATION
1767382113.5263815,155,12,car,2,VIOLATION
1767382113.5722582,156,12,car,2,VIOLATION
1767382113.6344676,157,12,car,2,VIOLATION
1767382113.6846488,158,12,car,2,VIOLATION
1767382113.7343054,159,12,car,2,VIOLATION
1767382113.7742772,160,12,car,2,VIOLATION
1767382113.8264184,161,12,car,2,VIOLATION
1767382113.8724287,162,12,car,2,VIOLATION
1767382113.922245,163,12,car,2,VIOLATION
1767382113.972201,164,12,car,2,VIOLATION
1767382114.0222015,165,12,car,2,VIOLATION
1767382114.0847077,166,12,car,2,VIOLATION
1767382114.1323233,167,12,car,2,VIOLATION
1767382114.1784675,168,12,car,2,VIOLATION
1767382114.232305,169,12,car,2,VIOLATION
1767382114.2942982,170,12,car,2,VIOLATION
1767382114.3563166,171,12,car,2,VIOLATION
1767382114.4022593,172,12,car,2,VIOLATION
1767382114.4521544,173,12,car,2,VIOLATION
1767382114.5150318,174,12,car,2,VIOLATION
1767382114.5626552,175,12,car,2,VIOLATION
1767382114.6171718,176,12,car,2,VIOLATION
1767382114.67844,177,12,car,2,VIOLATION
1767382114.7243218,178,12,car,2,VIOLATION
1767382114.7804544,179,12,car,2,VIOLATION
1767382114.9186473,180,12,car,2,VIOLATION
1767382114.9647021,181,12,car,2,VIOLATION
1767382114.9667056,181,251,car,2,VIOLATION
1767382115.024743,182,12,car,2,VIOLATION
1767382115.0267463,182,251,car,2,VIOLATION
1767382115.0873008,183,12,car,2,VIOLATION
1767382115.1382914,184,12,car,2,VIOLATION
1767382115.197808,185,12,car,2,VIOLATION
1767382115.1998732,185,251,car,2,VIOLATION
1767382115.2425,186,12,car,2,VIOLATION
1767382115.25231,186,251,car,2,VIOLATION
1767382115.3067884,187,12,car,2,VIOLATION
1767382115.3504038,188,12,car,2,VIOLATION
1767382115.400233,189,12,car,2,VIOLATION
1767382118.0959191,240,320,car,1,VIOLATION
1767382118.1424139,241,320,car,1,VIOLATION
1767382120.3583784,279,374,motorcycle,3,VIOLATION
1767382120.4007328,280,374,motorcycle,3,VIOLATION
1767382120.452196,281,374,motorcycle,3,VIOLATION
1767382120.5027227,282,374,motorcycle,3,VIOLATION
1767382120.6155763,284,374,motorcycle,3,VIOLATION
1767382120.6606731,285,374,motorcycle,3,VIOLATION
1767382120.7067008,286,374,motorcycle,3,VIOLATION
1767382120.7499886,287,374,motorcycle,3,VIOLATION
1767382120.798075,288,374,motorcycle,3,VIOLATION
1767382120.8523588,289,374,motorcycle,3,VIOLATION
1767382122.4440155,315,408,motorcycle,3,VIOLATION
1767382128.6382542,424,563,motorcycle,4,VIOLATION
1767382128.728543,426,563,motorcycle,4,VIOLATION
1767382130.553453,460,596,car,2,VIOLATION
1767382133.2005541,509,691,motorcycle,3,VIOLATION
1767382133.3303022,510,691,motorcycle,3,VIOLATION
1767382133.3872006,511,691,motorcycle,3,VIOLATION
1767382133.4860475,513,691,motorcycle,3,VIOLATION
1767382135.38869,548,739,car,2,VIOLATION
1767382135.451492,549,739,car,2,VIOLATION
1767382135.5035515,550,739,car,2,VIOLATION
1767382135.55958,551,739,car,2,VIOLATION
1767382135.6174247,552,739,car,2,VIOLATION
1767382135.7161844,554,739,car,2,VIOLATION
1767382135.772086,555,739,car,2,VIOLATION
1767382135.8744075,557,739,car,2,VIOLATION
1767382135.9225485,558,739,car,2,VIOLATION
1767382135.9881978,559,739,car,2,VIOLATION
1767382136.046423,560,739,car,2,VIOLATION
1767382136.1034982,561,764,car,2,VIOLATION
1767382136.162176,562,764,car,2,VIOLATION
1767382136.162176,562,739,car,2,VIOLATION
1767382136.2221265,563,764,car,2,VIOLATION
1767382136.2221265,563,739,car,2,VIOLATION
1767382136.285602,564,764,car,2,VIOLATION
1767382136.332019,565,764,car,2,VIOLATION
1767382136.39429,566,739,car,2,VIOLATION
1767382136.4479816,567,739,car,2,VIOLATION
1767382136.4479816,567,764,car,2,VIOLATION
1767382136.4972675,568,739,car,2,VIOLATION
1767382136.6961522,570,772,motorcycle,3,VIOLATION
1767382136.6961522,570,739,car,2,VIOLATION
1767382136.7556257,571,772,motorcycle,3,VIOLATION
1767382136.7556257,571,739,car,2,VIOLATION
1767382136.8085697,572,772,motorcycle,3,VIOLATION
1767382138.396103,600,755,car,2,VIOLATION
1767382138.45625,601,755,car,2,VIOLATION
1767382138.5062268,602,755,car,2,VIOLATION
1767382138.5545285,603,755,car,2,VIOLATION
1767382138.6120832,604,755,car,2,VIOLATION
1767382138.6521287,605,755,car,2,VIOLATION
1767382138.7042127,606,755,car,2,VIOLATION
1767382138.748561,607,755,car,2,VIOLATION
1767382138.79245,608,755,car,2,VIOLATION
1767382139.2112327,617,808,car,2,VIOLATION
1767382139.2566726,618,808,car,2,VIOLATION
1767382139.5871758,625,817,motorcycle,4,VIOLATION
1767382139.636343,626,817,motorcycle,4,VIOLATION
1767382139.686464,627,817,motorcycle,4,VIOLATION
1767382139.742191,628,812,car,2,VIOLATION
1767382139.7920356,629,812,car,2,VIOLATION
1767382139.9322786,630,812,car,2,VIOLATION
1767382139.992074,631,812,car,2,VIOLATION
1767382140.0536222,632,812,car,2,VIOLATION
1767382140.1082041,633,812,car,2,VIOLATION
1767382140.1584,634,812,car,2,VIOLATION
1767382140.2024643,635,812,car,2,VIOLATION
1767382140.4584167,639,812,car,2,VIOLATION
1767382140.534025,640,812,car,2,VIOLATION
1767382140.6215003,641,812,car,2,VIOLATION
1767382140.6921403,642,812,car,2,VIOLATION
1767382140.6987064,642,839,motorcycle,4,VIOLATION
1767382140.775501,643,812,car,2,VIOLATION
1767382140.7775083,643,839,motorcycle,4,VIOLATION
1767382140.8562608,644,839,motorcycle,3,VIOLATION
1767382140.9326093,645,839,motorcycle,3,VIOLATION
1767382141.0141966,646,839,motorcycle,3,VIOLATION
1767382141.0170372,646,812,car,2,VIOLATION
1767382141.092436,647,839,motorcycle,3,VIOLATION
1767382141.0984385,647,812,car,2,VIOLATION
1767382141.165494,648,839,motorcycle,3,VIOLATION
1767382141.1674988,648,812,car,2,VIOLATION
1767382141.2352357,649,839,motorcycle,3,VIOLATION
1767382141.2352357,649,812,car,2,VIOLATION
1767382141.3222394,650,812,car,2,VIOLATION
1767382141.395199,651,812,car,2,VIOLATION
1767382141.395199,651,839,motorcycle,3,VIOLATION
1767382141.4623156,652,812,car,2,VIOLATION
1767382141.4623156,652,839,motorcycle,3,VIOLATION
1767382141.52932,653,812,car,2,VIOLATION
1767382141.52932,653,839,motorcycle,3,VIOLATION
1767382141.6022804,654,812,car,2,VIOLATION
1767382141.6022804,654,839,motorcycle,3,VIOLATION
1767382141.6815193,655,812,car,2,VIOLATION
1767382141.7454295,656,812,car,2,VIOLATION
1767382141.8124008,657,812,car,2,VIOLATION
1767382141.877536,658,812,car,2,VIOLATION
1767382141.877536,658,855,motorcycle,3,VIOLATION
1767382141.9424775,659,855,motorcycle,3,VIOLATION
1767382142.1293354,660,812,car,2,VIOLATION
1767382142.1943514,661,812,car,2,VIOLATION
1767382142.2722228,662,812,car,2,VIOLATION
1767382142.3323114,663,812,car,2,VIOLATION
1767382142.407228,664,812,car,2,VIOLATION
1767382142.4923913,665,812,car,2,VIOLATION
1767382142.5683346,666,812,car,2,VIOLATION
1767382142.6343775,667,812,car,2,VIOLATION
1767382142.7042112,668,812,car,2,VIOLATION
1767382142.7645168,669,812,car,2,VIOLATION
1767382142.8125162,670,812,car,2,VIOLATION
1767382142.8743534,671,812,car,2,VIOLATION
1767382142.9327645,672,812,car,2,VIOLATION
1767382143.01549,673,812,car,2,VIOLATION
1767382143.0874765,674,812,car,2,VIOLATION
1767382143.1524863,675,812,car,2,VIOLATION
1767382143.220126,676,812,car,2,VIOLATION
1767382143.2740438,677,812,car,2,VIOLATION
1767382143.3329442,678,812,car,2,VIOLATION
1767382143.3983424,679,812,car,2,VIOLATION
1767382143.4580948,680,812,car,2,VIOLATION
1767382143.5384934,681,812,car,2,VIOLATION
1767382143.6243496,682,812,car,2,VIOLATION
1767382143.6824074,683,812,car,2,VIOLATION
1767382143.7464404,684,812,car,2,VIOLATION
1767382143.8023748,685,812,car,2,VIOLATION
1767382143.8562045,686,812,car,2,VIOLATION
1767382143.9113212,687,812,car,2,VIOLATION
1767382143.9571261,688,812,car,2,VIOLATION
1767382144.0222902,689,812,car,2,VIOLATION
1767382144.1939747,690,812,car,2,VIOLATION
1767382144.2421098,691,812,car,2,VIOLATION
1767382144.2943144,692,812,car,2,VIOLATION
1767382144.3420818,693,812,car,2,VIOLATION
1767382144.4158673,694,812,car,2,VIOLATION
1767382144.4720044,695,812,car,2,VIOLATION
1767382144.5319762,696,812,car,2,VIOLATION
1767382144.58204,697,812,car,2,VIOLATION
1767382144.6393845,698,812,car,2,VIOLATION
1767382144.682318,699,812,car,2,VIOLATION
1767382144.7579973,700,812,car,2,VIOLATION
1767382144.8123038,701,812,car,2,VIOLATION
1767382144.864257,702,812,car,2,VIOLATION
1767382144.9181268,703,812,car,2,VIOLATION
1767382144.9866333,704,812,car,2,VIOLATION
1767382145.0504029,705,812,car,2,VIOLATION
1767382145.1061947,706,812,car,2,VIOLATION
1767382145.166052,707,812,car,2,VIOLATION
1767382145.2134206,708,812,car,2,VIOLATION
1767382145.2650945,709,812,car,2,VIOLATION
1767382145.2650945,709,944,car,2,VIOLATION
1767382145.3279886,710,812,car,2,VIOLATION
1767382145.3299956,710,944,car,2,VIOLATION
1767382145.387587,711,812,car,2,VIOLATION
1767382145.387587,711,944,car,2,VIOLATION
1767382145.4410453,712,812,car,2,VIOLATION
1767382145.4420483,712,944,car,2,VIOLATION
1767382145.5021384,713,812,car,2,VIOLATION
1767382145.5021384,713,944,car,2,VIOLATION
1767382145.558474,714,812,car,2,VIOLATION
1767382145.5604813,714,944,car,2,VIOLATION
1767382145.6158447,715,812,car,2,VIOLATION
1767382145.6623929,716,812,car,2,VIOLATION
1767382145.7220857,717,812,car,2,VIOLATION
1767382145.8019507,718,812,car,2,VIOLATION
1767382145.8771682,719,812,car,2,VIOLATION
1767382146.0621786,720,812,car,2,VIOLATION
1767382146.1361725,721,812,car,2,VIOLATION
1767382146.205566,722,812,car,2,VIOLATION
1767382146.2803855,723,812,car,2,VIOLATION
1767382146.346106,724,812,car,2,VIOLATION
1767382146.4122634,725,812,car,2,VIOLATION
1767382146.48443,726,812,car,2,VIOLATION
1767382146.5282528,727,812,car,2,VIOLATION
1767382146.5942435,728,812,car,2,VIOLATION
1767382146.6455398,729,812,car,2,VIOLATION
1767382146.702444,730,812,car,2,VIOLATION
1767382146.7683382,731,812,car,2,VIOLATION
1767382146.8243136,732,812,car,2,VIOLATION
1767382146.8761995,733,812,car,2,VIOLATION
1767382146.9199185,734,812,car,2,VIOLATION
1767382146.970135,735,812,car,2,VIOLATION
1767382147.0323946,736,812,car,2,VIOLATION
1767382148.2485526,757,984,motorcycle,3,VIOLATION
1767382148.2982686,758,984,motorcycle,3,VIOLATION
